product_id,product_name,category,description,price,stock,created_at
1,Kid Myself,Furniture,Kitchen measure wonder ready even them. Mother against firm face free be. Team police first.,485.02,637,2024-02-13T12:48:44
2,Office Age,Beauty,Law level class body wall method. Argue event big conference home.,143.09,975,2024-08-17T07:47:43
3,Pick Almost,Beauty,Clear meeting draw toward big bank. Reason material yourself international do.,279.77,162,2024-12-27T13:20:03
4,Strong Do,Books,Protect if heavy begin it each. Of side industry low store. Run control stand north.,102.09,0,2024-08-07T11:18:31
5,Guy Country,Furniture,City cultural evening say morning too. Data garden three budget democratic figure main.,249.9,66,2025-03-11T04:04:13
6,Per Community,Clothing,Five manage fish month. Measure much town network near population.,448.31,816,2024-08-22T19:13:34
7,Build Learn,Electronics,Somebody according situation such most Democrat trade Republican. Figure almost difficult page.,422.19,207,2025-02-04T14:35:42
8,Commercial Record,Electronics,Spend Mrs owner offer event responsibility.,479.56,800,2024-04-26T13:29:29
9,Kind Too,Clothing,Sell bag soon nothing direction. Forward seek choose establish western become full.,468.13,709,2024-03-12T10:45:50
10,Himself East,Home & Garden,Food score benefit kid myself vote. Page kitchen spend teacher security.,306.7,549,2024-08-03T00:54:41
11,Your Order,Beauty,Really likely where religious explain none. Reduce give high free. Against catch lead.,170.12,838,2023-12-02T18:58:17
12,Almost Feeling,Clothing,Sometimes during human scene available blue. Woman whole out character.,173.84,823,2024-06-20T21:31:29
13,Player Task,Furniture,Better ground itself thought step. Work quality simple rise family.,293.62,113,2024-01-18T07:09:06
14,Into Civil,Home & Garden,However feeling long force new class strategy field. Investment no how business.,172.62,7,2024-08-01T07:01:55
15,Impact Yard,Beauty,Mission effort energy development budget try any. Play conference window benefit.,413.53,68,2024-07-07T01:18:05
16,Piece Start,Clothing,Film likely old several work. Rate bill sit. Report probably blue treatment set.,255.49,591,2025-09-15T08:01:54
17,Start Structure,Beauty,Bag statement Republican growth member conference. Media fund sea necessary bit change.,323.18,484,2025-10-16T09:38:53
18,Defense Late,Toys,Range significant couple. Country current have instead.,472.07,785,2025-09-22T08:54:38
19,Court Detail,Furniture,Partner ground few field. I despite difficult call draw.,451.25,567,2025-01-27T21:19:41
20,Among Behavior,Electronics,Adult action often their school. Clearly mind for.,150.66,743,2023-12-04T21:35:09
21,Success Compare,Toys,Strong specific list way oil next my region. Even range good cost. Leg benefit later seem.,484.64,743,2025-08-24T11:45:52
22,One Bit,Beauty,Many public hit. Speech interest through close newspaper. Half sing say will.,197.61,489,2024-02-11T09:03:49
23,Fear Likely,Sports,Home visit nearly itself. Financial partner anyone budget chance player.,254.98,320,2023-12-08T22:39:09
24,Letter Local,Home & Garden,Report shoulder standard especially. Change several the open full. Day wide provide key what five.,152.43,376,2024-06-09T00:59:03
25,White Her,Home & Garden,Wear season affect child. Skin east continue fish.,412.16,582,2024-03-07T07:45:18
26,Often Evening,Sports,Brother begin generation deep represent decade. Red home property north.,497.56,108,2024-07-04T07:42:27
27,Join Despite,Home & Garden,Large also arm political. Respond partner community necessary series century impact.,438.08,48,2024-10-22T01:44:04
28,Main Study,Furniture,Crime serve level call product grow. Crime case say worker agency note large.,499.21,720,2024-07-01T16:20:36
29,Computer Everybody,Home & Garden,Leader cup risk enjoy garden key public. Heavy themselves however have. Site seem kind two nothing.,173.45,721,2025-01-25T02:32:19
30,Go Relate,Furniture,Visit than shoulder front already. Treat general leave behavior wonder reason bit.,289.83,746,2025-04-02T23:28:42
31,Six West,Books,Today life but political but. Community oil speech low call his.,311.1,484,2024-07-15T21:02:48
32,Fund Speech,Books,Whose smile small particularly. People likely democratic both. Any blood man mouth cell shoulder.,321.3,629,2025-02-15T11:21:51
33,Individual Federal,Beauty,Must get mean amount. Would to education goal girl.,472.32,36,2023-11-17T13:36:17
34,Travel Outside,Furniture,Agreement road understand along assume include.,266.94,335,2024-02-22T18:03:31
35,Size Hospital,Home & Garden,Need control from tough section movement.,157.29,378,2024-03-02T08:11:24
36,Including Mission,Sports,Television news soon grow type all agent. Network include indeed man drug listen learn health.,198.56,302,2023-11-27T22:19:24
37,Good True,Electronics,Tonight must another across. Ten great huge pull then night. Media college do.,294.53,29,2024-05-14T07:46:24
38,Two Protect,Furniture,Begin among its stay indicate police room. Blue race edge. Four only likely whose.,190.01,278,2024-08-06T13:21:19
39,Child Speak,Books,Available watch law art. Buy this big hair. Wonder their nice out tonight four leader.,247.61,90,2024-06-04T22:30:10
40,Until Recently,Books,Office pull put might what. Law culture close of. Thus apply effect record agent red defense.,59.58,544,2024-07-10T12:39:42
41,Nor Discover,Furniture,Gun by north. Himself full prepare.,112.45,753,2025-01-01T20:58:04
42,Should Paper,Books,Everyone practice increase finish safe difficult well. Assume every must every.,112.76,213,2024-05-16T14:20:35
43,Catch Large,Home & Garden,Father return ok day college consumer. Her live air none.,469.99,710,2025-09-30T20:36:41
44,Others Knowledge,Books,Hope most bad certainly end discussion. Most use affect thing machine magazine develop voice.,318.5,897,2024-05-26T04:32:05
45,Financial Buy,Toys,Level her memory will. Particularly kid inside radio participant house buy.,289.9,825,2024-12-29T23:20:12
46,Soon Finally,Books,Since after old hair ahead on. Security hair so bed change learn important.,328.47,366,2025-01-16T19:30:06
47,Show Those,Home & Garden,You professional put cell protect. Significant paper two within current join.,299.37,212,2024-03-08T07:46:26
48,Deal Black,Home & Garden,Find all dream evening marriage. Until past event enjoy opportunity present.,167.28,359,2024-08-04T14:53:38
49,Item Wear,Furniture,Teach leave family health will see information. Might thank tend its security.,70.52,79,2023-11-15T05:47:47
50,Site Defense,Beauty,Effect unit work world rest cup. Possible city animal every police.,215.62,477,2024-09-24T10:27:07
